{
  "cli": {
    "version": ">= 3.5.2"
  },
  "build": {
    "development": {
      "distribution": "internal",
      "developmentClient": true,
      "android": {
        "gradleCommand": ":app:assembleDebug"
      },
      "ios": {
        "buildConfiguration": "Debug",
        "resourceClass": "m1-medium"
      }
    },

    "preview": {
      "android": {
        "buildType": "apk"
      }
    },

    "production": {
      "ios": {
        "resourceClass": "m1-medium"
      }
    }
  },
  "submit": {
    "production": {}
  }
}
